[ec2-user@ip-10-2-11-187 ~]$ mysql -u admin -p -h secondarydb.cseoe7nki6kj.us-east-2.rds.amazonaws.com
Enter password:
Welcome to the MariaDB monitor.  Commands end with ; or \g.
Your MySQL connection id is 55
Server version: 8.0.28 Source distribution

Copyright (c) 2000, 2018, Oracle, MariaDB Corporation Ab and others.

Type 'help;' or '\h' for help. Type '\c' to clear the current input statement.

MySQL [(none)]> show databases;
+--------------------+
| Database           |
+--------------------+
| information_schema |
| mysql              |
| performance_schema |
| sys                |
| udacity            |
+--------------------+
5 rows in set (0.01 sec)

MySQL [(none)]> USE udacity;
Reading table information for completion of table and column names
You can turn off this feature to get a quicker startup with -A

Database changed
MySQL [udacity]> SELECT * FROM person;
+---------+--------+------+------------+----------+
| name    | job    | sex  | birth      | birthday |
+---------+--------+------+------------+----------+
| dangdhh | dev    | f    | 1992-11-05 | NULL     |
| Dang01  | doctor | m    | 1999-03-30 | NULL     |
+---------+--------+------+------------+----------+
2 rows in set (0.00 sec)

MySQL [udacity]> INSERT INTO person VALUES('dang02','teacher','f','2000-03-20',NULL);
ERROR 1290 (HY000): The MySQL server is running with the --read-only option so it cannot execute this statement
MySQL [udacity]> INSERT INTO person VALUES('dang02','teacher','f','2000-03-20',NULL);
ERROR 2006 (HY000): MySQL server has gone away
No connection. Trying to reconnect...
Connection id:    9
Current database: udacity

Query OK, 1 row affected (0.04 sec)

MySQL [udacity]> SELECT * FROM person;
+---------+---------+------+------------+----------+
| name    | job     | sex  | birth      | birthday |
+---------+---------+------+------------+----------+
| dangdhh | dev     | f    | 1992-11-05 | NULL     |
| Dang01  | doctor  | m    | 1999-03-30 | NULL     |
| dang02  | teacher | f    | 2000-03-20 | NULL     |
+---------+---------+------+------------+----------+
3 rows in set (0.01 sec)

MySQL [udacity]>