[ec2-user@ip-10-1-10-137 ~]$ mysql -u admin -p -h primarydb.cy8ksuks5o7a.us-east-1.rds.amazonaws.com
Enter password:
Welcome to the MariaDB monitor.  Commands end with ; or \g.
Your MySQL connection id is 191
Server version: 8.0.28 Source distribution

Copyright (c) 2000, 2018, Oracle, MariaDB Corporation Ab and others.

Type 'help;' or '\h' for help. Type '\c' to clear the current input statement.

MySQL [(none)]> show databases
    -> ;
+--------------------+
| Database           |
+--------------------+
| information_schema |
| mysql              |
| performance_schema |
| sys                |
| udacity            |
+--------------------+
5 rows in set (0.02 sec)

MySQL [(none)]> USE udacity;
Reading table information for completion of table and column names
You can turn off this feature to get a quicker startup with -A

Database changed
MySQL [udacity]> SELECT * FROM person
    -> ;
+---------+------+------+------------+----------+
| name    | job  | sex  | birth      | birthday |
+---------+------+------+------------+----------+
| dangdhh | dev  | f    | 1992-11-05 | NULL     |
+---------+------+------+------------+----------+
1 row in set (0.01 sec)

MySQL [udacity]> INSERt INTO person ('Dang01','doctor','m','1999-03-30',NULL);
ERROR 1064 (42000): You have an error in your SQL syntax; check the manual that corresponds to your MySQL server version for the right syntax to use near ''Dang01','doctor','m','1999-03-30',NULL)' at line 1
MySQL [udacity]> INSERt INTO person VALUES ('Dang01','doctor','m','1999-03-30',NULL);
Query OK, 1 row affected (0.04 sec)

MySQL [udacity]> SELECT * FROM person;
+---------+--------+------+------------+----------+
| name    | job    | sex  | birth      | birthday |
+---------+--------+------+------------+----------+
| dangdhh | dev    | f    | 1992-11-05 | NULL     |
| Dang01  | doctor | m    | 1999-03-30 | NULL     |
+---------+--------+------+------------+----------+
2 rows in set (0.00 sec)